/mnt/cadlabnas/users/Akshaya/My_Datasets/5Phase_resized/Use_This/Attempt2/Arterial/00001_16_5X5_AXIAL_Body_5__resized.nii.gz,69
/mnt/cadlabnas/users/Akshaya/My_Datasets/5Phase_resized/Use_This/Attempt2/Arterial/00001_17_2X1_LUNG_Lung_2__resized.nii.gz,69
/mnt/cadlabnas/users/Akshaya/My_Datasets/5Phase_resized/Use_This/Attempt2/Arterial/00001_19_2X1_STND_Body_2__resized.nii.gz,69
/mnt/cadlabnas/users/Akshaya/My_Datasets/5Phase_resized/Use_This/Attempt2/Arterial/00002_5_AXIAL_2X1_CTA_2__resized.nii.gz,56
/mnt/cadlabnas/users/Akshaya/My_Datasets/5Phase_resized/Use_This/Attempt2/Arterial/00004_17_2X1_LUNG_Lung_2__resized.nii.gz,63
/mnt/cadlabnas/users/Akshaya/My_Datasets/5Phase_resized/Use_This/Attempt2/Arterial/00007_15_5X5_AXIAL_Body_5__resized.nii.gz,65
/mnt/cadlabnas/users/Akshaya/My_Datasets/5Phase_resized/Use_This/Attempt2/Arterial/00007_16_2X1_LUNG_Lung_2__resized.nii.gz,65
/mnt/cadlabnas/users/Akshaya/My_Datasets/5Phase_resized/Use_This/Attempt2/Arterial/00008_15_5X5_AXIAL_Body_5__resized.nii.gz,64
/mnt/cadlabnas/users/Akshaya/My_Datasets/5Phase_resized/Use_This/Attempt2/Arterial/00008_18_2X1_STND_Body_2__resized.nii.gz,63
/mnt/cadlabnas/users/Akshaya/My_Datasets/5Phase_resized/Use_This/Attempt2/Arterial/00014_16_5X5_AXIAL_Body_5__resized.nii.gz,67
/mnt/cadlabnas/users/Akshaya/My_Datasets/5Phase_resized/Use_This/Attempt2/Arterial/00014_17_2X1_LUNG_Lung_2__resized.nii.gz,66
/mnt/cadlabnas/users/Akshaya/My_Datasets/5Phase_resized/Use_This/Attempt2/Arterial/00014_19_2X1_STND_Body_2__resized.nii.gz,66
/mnt/cadlabnas/users/Akshaya/My_Datasets/5Phase_resized/Use_This/Attempt2/Arterial/00015_16_5X5_AXIAL_Body_5__resized.nii.gz,60
/mnt/cadlabnas/users/Akshaya/My_Datasets/5Phase_resized/Use_This/Attempt2/Arterial/00015_17_2X1_LUNG_Lung_2__resized.nii.gz,60
/mnt/cadlabnas/users/Akshaya/My_Datasets/5Phase_resized/Use_This/Attempt2/Arterial/00016_12_2X1_LUNG_Lung_2__resized.nii.gz,49
/mnt/cadlabnas/users/Akshaya/My_Datasets/5Phase_resized/Use_This/Attempt2/Arterial/00016_4_5X5_STND_CTA_5__resized.nii.gz,49
/mnt/cadlabnas/users/Akshaya/My_Datasets/5Phase_resized/Use_This/Attempt2/Arterial/00016_5_1X1_STND_Body_1__resized.nii.gz,49
/mnt/cadlabnas/users/Akshaya/My_Datasets/5Phase_resized/Use_This/Attempt2/Arterial/00016_6_2X1_STND_CTA_2__resized.nii.gz,49
/mnt/cadlabnas/users/Akshaya/My_Datasets/5Phase_resized/Use_This/Attempt2/Arterial/00017_17_2X1_LUNG_Lung_2__resized.nii.gz,61
/mnt/cadlabnas/users/Akshaya/My_Datasets/5Phase_resized/Use_This/Attempt2/Arterial/00017_19_2X1_STND_Body_2__resized.nii.gz,61
/mnt/cadlabnas/users/Akshaya/My_Datasets/5Phase_resized/Use_This/Attempt2/Arterial/00018_5_1X1_STND_Body_1__resized.nii.gz,55
/mnt/cadlabnas/users/Akshaya/My_Datasets/5Phase_resized/Use_This/Attempt2/Arterial/00020_14_5X5_AXIAL_Body_5__resized.nii.gz,68
/mnt/cadlabnas/users/Akshaya/My_Datasets/5Phase_resized/Use_This/Attempt2/Arterial/00020_17_2X1_LUNG_Lung_2__resized.nii.gz,66
/mnt/cadlabnas/users/Akshaya/My_Datasets/5Phase_resized/Use_This/Attempt2/Arterial/00020_19_2X1_STND_Body_2__resized.nii.gz,66
/mnt/cadlabnas/users/Akshaya/My_Datasets/5Phase_resized/Use_This/Attempt2/Arterial/00021_15_5X5_AXIAL_Body_5__resized.nii.gz,31
/mnt/cadlabnas/users/Akshaya/My_Datasets/5Phase_resized/Use_This/Attempt2/Arterial/00021_16_2X1_LUNG_Lung_2__resized.nii.gz,30
/mnt/cadlabnas/users/Akshaya/My_Datasets/5Phase_resized/Use_This/Attempt2/Arterial/00021_17_2X1_LUNG_Lung_2__resized.nii.gz,60
/mnt/cadlabnas/users/Akshaya/My_Datasets/5Phase_resized/Use_This/Attempt2/Arterial/00021_19_2X1_STND_Body_2__resized.nii.gz,60
/mnt/cadlabnas/users/Akshaya/My_Datasets/5Phase_resized/Use_This/Attempt2/Arterial/00023_10_2X1_ART_STND_Body_2__resized.nii.gz,25
/mnt/cadlabnas/users/Akshaya/My_Datasets/5Phase_resized/Use_This/Attempt2/Arterial/00023_5_1X1_STND_Body_1__resized.nii.gz,49
/mnt/cadlabnas/users/Akshaya/My_Datasets/5Phase_resized/Use_This/Attempt2/Arterial/00023_8_2x2_ART_STND_Body_2__resized.nii.gz,25
/mnt/cadlabnas/users/Akshaya/My_Datasets/5Phase_resized/Use_This/Attempt2/Arterial/00025_16_5X5_AXIAL_Body_5__resized.nii.gz,70
/mnt/cadlabnas/users/Akshaya/My_Datasets/5Phase_resized/Use_This/Attempt2/Arterial/00025_17_2X1_LUNG_Lung_2__resized.nii.gz,61
/mnt/cadlabnas/users/Akshaya/My_Datasets/5Phase_resized/Use_This/Attempt2/Arterial/00025_19_2X1_STND_Body_2__resized.nii.gz,61
/mnt/cadlabnas/users/Akshaya/My_Datasets/5Phase_resized/Use_This/Attempt2/Arterial/00027_15_2X1_LUNG_Lung_2__resized.nii.gz,67
/mnt/cadlabnas/users/Akshaya/My_Datasets/5Phase_resized/Use_This/Attempt2/Arterial/00027_16_5X5_AXIAL_Body_5__resized.nii.gz,48
/mnt/cadlabnas/users/Akshaya/My_Datasets/5Phase_resized/Use_This/Attempt2/Arterial/00027_17_2X1_LUNG_Lung_2__resized.nii.gz,47
/mnt/cadlabnas/users/Akshaya/My_Datasets/5Phase_resized/Use_This/Attempt2/Arterial/00027_17_2X1_STND_Body_2__resized.nii.gz,67
/mnt/cadlabnas/users/Akshaya/My_Datasets/5Phase_resized/Use_This/Attempt2/Arterial/00027_19_2X1_STND_Body_2__resized.nii.gz,47
/mnt/cadlabnas/users/Akshaya/My_Datasets/5Phase_resized/Use_This/Attempt2/Arterial/00029_3_CTA_3__resized.nii.gz,30
/mnt/cadlabnas/users/Akshaya/My_Datasets/5Phase_resized/Use_This/Attempt2/Arterial/00029_5_CTA_2__resized.nii.gz,60
/mnt/cadlabnas/users/Akshaya/My_Datasets/5Phase_resized/Use_This/Attempt2/Arterial/00030_4_CTA_3__resized.nii.gz,30
/mnt/cadlabnas/users/Akshaya/My_Datasets/5Phase_resized/Use_This/Attempt2/Arterial/00032_17_2X1_LUNG_Lung_2__resized.nii.gz,70
/mnt/cadlabnas/users/Akshaya/My_Datasets/5Phase_resized/Use_This/Attempt2/Arterial/00033_15_5X5_AXIAL_Body_5__resized.nii.gz,64
/mnt/cadlabnas/users/Akshaya/My_Datasets/5Phase_resized/Use_This/Attempt2/Arterial/00033_18_2X1_STND_Body_2__resized.nii.gz,63
/mnt/cadlabnas/users/Akshaya/My_Datasets/5Phase_resized/Use_This/Attempt2/Arterial/00034_19_2X1_STND_Body_2__resized.nii.gz,47
/mnt/cadlabnas/users/Akshaya/My_Datasets/5Phase_resized/Use_This/Attempt2/Arterial/00037_4_BODY_ANGIO_AAA_CTA__1__resized.nii.gz,34
/mnt/cadlabnas/users/Akshaya/My_Datasets/5Phase_resized/Use_This/Attempt2/Arterial/00038_4_BODY_ANGIO_AAA_CTA__1__resized.nii.gz,39
/mnt/cadlabnas/users/Akshaya/My_Datasets/5Phase_resized/Use_This/Attempt2/Arterial/00039_5_CTA_0__resized.nii.gz,101
/mnt/cadlabnas/users/Akshaya/My_Datasets/5Phase_resized/Use_This/Attempt2/Arterial/00040_5_CTA_3__resized.nii.gz,55
/mnt/cadlabnas/users/Akshaya/My_Datasets/5Phase_resized/Use_This/Attempt2/Arterial/00041_18_2X1_STND_Body_2__resized.nii.gz,63
/mnt/cadlabnas/users/Akshaya/My_Datasets/5Phase_resized/Use_This/Attempt2/Arterial/00042_4_CTA_3__resized.nii.gz,60
/mnt/cadlabnas/users/Akshaya/My_Datasets/5Phase_resized/Use_This/Attempt2/Arterial/00042_5_CTA_1__resized.nii.gz,60
/mnt/cadlabnas/users/Akshaya/My_Datasets/5Phase_resized/Use_This/Attempt2/Arterial/00042_6_CTA_3__resized.nii.gz,60
/mnt/cadlabnas/users/Akshaya/My_Datasets/5Phase_resized/Use_This/Attempt2/Arterial/00042_7_CTA_2__resized.nii.gz,60
/mnt/cadlabnas/users/Akshaya/My_Datasets/5Phase_resized/Use_This/Attempt2/Arterial/00042_8_Lung_2__resized.nii.gz,60
/mnt/cadlabnas/users/Akshaya/My_Datasets/5Phase_resized/Use_This/Attempt2/Arterial/00044_4_CTA_1__resized.nii.gz,21
/mnt/cadlabnas/users/Akshaya/My_Datasets/5Phase_resized/Use_This/Attempt2/Delayed/00013_5_ADRENAL_15_MIN_1x0__resized.nii.gz,20
/mnt/cadlabnas/users/Akshaya/My_Datasets/5Phase_resized/Use_This/Attempt2/Delayed/00014_5_ADRENAL_15_MIN_1x0__resized.nii.gz,19
/mnt/cadlabnas/users/Akshaya/My_Datasets/5Phase_resized/Use_This/Attempt2/Delayed/00015_5_ADRENAL_15_MIN_1x0__resized.nii.gz,31
/mnt/cadlabnas/users/Akshaya/My_Datasets/5Phase_resized/Use_This/Attempt2/Delayed/00016_8_15_min_AX_SOFT_1x0__resized.nii.gz,26
/mnt/cadlabnas/users/Akshaya/My_Datasets/5Phase_resized/Use_This/Attempt2/Delayed/00017_5_15_min_AX_SOFT_1x0__resized.nii.gz,24
/mnt/cadlabnas/users/Akshaya/My_Datasets/5Phase_resized/Use_This/Attempt2/Delayed/00023_5_10_min_delay_2__resized.nii.gz,14
/mnt/cadlabnas/users/Akshaya/My_Datasets/5Phase_resized/Use_This/Attempt2/Delayed/00024_12_ABD_SOFT-15min_delay_CHEST_WO__1__resized.nii.gz,48
/mnt/cadlabnas/users/Akshaya/My_Datasets/5Phase_resized/Use_This/Attempt2/Delayed/00027_9_10M_DELAY_5__resized.nii.gz,48
/mnt/cadlabnas/users/Akshaya/My_Datasets/5Phase_resized/Use_This/Attempt2/Delayed/00029_7_20_Min_DELAY_5__resized.nii.gz,43
/mnt/cadlabnas/users/Akshaya/My_Datasets/5Phase_resized/Use_This/Attempt2/Delayed/00029_8_20_Min_DELAY_2__resized.nii.gz,41
/mnt/cadlabnas/users/Akshaya/My_Datasets/5Phase_resized/Use_This/Attempt2/Delayed/00030_7_10_IMIN_DELA_NIH_UROGRAM__1__resized.nii.gz,43
/mnt/cadlabnas/users/Akshaya/My_Datasets/5Phase_resized/Use_This/Attempt2/Delayed/00031_7_20_M_DELAY_5__resized.nii.gz,39
/mnt/cadlabnas/users/Akshaya/My_Datasets/5Phase_resized/Use_This/Attempt2/Delayed/00032_7_10_M_DELAY_5__resized.nii.gz,57
/mnt/cadlabnas/users/Akshaya/My_Datasets/5Phase_resized/Use_This/Attempt2/Delayed/00032_8_10_M_DELAY_2__resized.nii.gz,56
/mnt/cadlabnas/users/Akshaya/My_Datasets/5Phase_resized/Use_This/Attempt2/Delayed/00033_7_10_M_DELAY_5__resized.nii.gz,63
/mnt/cadlabnas/users/Akshaya/My_Datasets/5Phase_resized/Use_This/Attempt2/Delayed/00033_8_10_M_DELAY_2__resized.nii.gz,62
/mnt/cadlabnas/users/Akshaya/My_Datasets/5Phase_resized/Use_This/Attempt2/Delayed/00034_7_10Min_delay_NIH_UROGRAM__1__resized.nii.gz,45
/mnt/cadlabnas/users/Akshaya/My_Datasets/5Phase_resized/Use_This/Attempt2/Delayed/00035_7_10_M_DELAY_5__resized.nii.gz,41
/mnt/cadlabnas/users/Akshaya/My_Datasets/5Phase_resized/Use_This/Attempt2/Delayed/00036_8_10M_DELAY_5__resized.nii.gz,49
/mnt/cadlabnas/users/Akshaya/My_Datasets/5Phase_resized/Use_This/Attempt2/Delayed/00038_10_20_Min_delay_NIH_CHEST__1__resized.nii.gz,44
/mnt/cadlabnas/users/Akshaya/My_Datasets/5Phase_resized/Use_This/Attempt2/Delayed/00039_9_10_Min_delay_NIH_UROGRAM__1__resized.nii.gz,52
/mnt/cadlabnas/users/Akshaya/My_Datasets/5Phase_resized/Use_This/Attempt2/Delayed/00040_7_10_Min_delay_NIH_UROGRAM__1__resized.nii.gz,48
/mnt/cadlabnas/users/Akshaya/My_Datasets/5Phase_resized/Use_This/Attempt2/Delayed/00042_7_15_M_DELAY_5__resized.nii.gz,42
/mnt/cadlabnas/users/Akshaya/My_Datasets/5Phase_resized/Use_This/Attempt2/Delayed/00042_8_15_M_DELAY_2__resized.nii.gz,41
/mnt/cadlabnas/users/Akshaya/My_Datasets/5Phase_resized/Use_This/Attempt2/Delayed/00044_7_15_MIN_DELAY_5__resized.nii.gz,40
/mnt/cadlabnas/users/Akshaya/My_Datasets/5Phase_resized/Use_This/Attempt2/Delayed/00044_8_15_MIN_DELAY_2__resized.nii.gz,39
/mnt/cadlabnas/users/Akshaya/My_Datasets/5Phase_resized/Use_This/Attempt2/Delayed/00045_7_15_Min_delay_NIH_UROGRAM__1__resized.nii.gz,49
/mnt/cadlabnas/users/Akshaya/My_Datasets/5Phase_resized/Use_This/Attempt2/Delayed/00047_7_20_M_DELAY_5__resized.nii.gz,48
/mnt/cadlabnas/users/Akshaya/My_Datasets/5Phase_resized/Use_This/Attempt2/Delayed/00047_8_20_M_DELAY_2__resized.nii.gz,47
/mnt/cadlabnas/users/Akshaya/My_Datasets/5Phase_resized/Use_This/Attempt2/Delayed/00048_7_20_M_DELAY_5__resized.nii.gz,50
/mnt/cadlabnas/users/Akshaya/My_Datasets/5Phase_resized/Use_This/Attempt2/Delayed/00049_8_20_M_DELAY_5__resized.nii.gz,48
/mnt/cadlabnas/users/Akshaya/My_Datasets/5Phase_resized/Use_This/Attempt2/Delayed/00049_9_20_M_DELAY_2__resized.nii.gz,47
/mnt/cadlabnas/users/Akshaya/My_Datasets/5Phase_resized/Use_This/Attempt2/Delayed/00050_7_20_M_DELAY_5__resized.nii.gz,43
/mnt/cadlabnas/users/Akshaya/My_Datasets/5Phase_resized/Use_This/Attempt2/Delayed/00050_8_20_M_DELAY_2__resized.nii.gz,43
/mnt/cadlabnas/users/Akshaya/My_Datasets/5Phase_resized/Use_This/Attempt2/Delayed/00053_8_20_M_DELAY_2__resized.nii.gz,46
/mnt/cadlabnas/users/Akshaya/My_Datasets/5Phase_resized/Use_This/Attempt2/Delayed/00054_7_15_M_DELAY_5__resized.nii.gz,42
/mnt/cadlabnas/users/Akshaya/My_Datasets/5Phase_resized/Use_This/Attempt2/Delayed/00054_8_15_M_DELAY_2__resized.nii.gz,51
/mnt/cadlabnas/users/Akshaya/My_Datasets/5Phase_resized/Use_This/Attempt2/Delayed/00055_7_15_M_DELAY_5__resized.nii.gz,40
/mnt/cadlabnas/users/Akshaya/My_Datasets/5Phase_resized/Use_This/Attempt2/Delayed/00056_8_20_M_DELAY_2__resized.nii.gz,47
/mnt/cadlabnas/users/Akshaya/My_Datasets/5Phase_resized/Use_This/Attempt2/Delayed/00057_8_FL_20min_Delay_SOFT_2__resized.nii.gz,53
/mnt/cadlabnas/users/Akshaya/My_Datasets/5Phase_resized/Use_This/Attempt2/Delayed/00058_7_20M_DELAY_SOFT_5__resized.nii.gz,47
/mnt/cadlabnas/users/Akshaya/My_Datasets/5Phase_resized/Use_This/Attempt2/Delayed/00058_8_20M_DELAY_SOFT_2__resized.nii.gz,46
/mnt/cadlabnas/users/Akshaya/My_Datasets/5Phase_resized/Use_This/Attempt2/Delayed/00062_7_15_M_DELAY_5__resized.nii.gz,45
/mnt/cadlabnas/users/Akshaya/My_Datasets/5Phase_resized/Use_This/Attempt2/Delayed/00062_8_15_M_DELAY_2__resized.nii.gz,44
/mnt/cadlabnas/users/Akshaya/My_Datasets/5Phase_resized/Use_This/Attempt2/Delayed/00063_5_15min_delay_2__resized.nii.gz,13
/mnt/cadlabnas/users/Akshaya/My_Datasets/5Phase_resized/Use_This/Attempt2/Delayed/00063_7_15_MIN_ABDPELVIS_UROGRAM_NIH__1__resized.nii.gz,38
/mnt/cadlabnas/users/Akshaya/My_Datasets/5Phase_resized/Use_This/Attempt2/Delayed/00063_8_15_MIN_SOFT_UROGRAM_NIH__1__resized.nii.gz,38
/mnt/cadlabnas/users/Akshaya/My_Datasets/5Phase_resized/Use_This/Attempt2/Delayed/00065_7_20_M_DELAY_5__resized.nii.gz,44
/mnt/cadlabnas/users/Akshaya/My_Datasets/5Phase_resized/Use_This/Attempt2/Delayed/00065_9_20_M_DELAY_2__resized.nii.gz,44
/mnt/cadlabnas/users/Akshaya/My_Datasets/5Phase_resized/Use_This/Attempt2/Delayed/00066_10_15_M_DELAY_2__resized.nii.gz,46
/mnt/cadlabnas/users/Akshaya/My_Datasets/5Phase_resized/Use_This/Attempt2/Delayed/00066_8_15_M_DELAY_5__resized.nii.gz,48
/mnt/cadlabnas/users/Akshaya/My_Datasets/5Phase_resized/Use_This/Attempt2/Delayed/00066_9_15_M_DELAY_2__resized.nii.gz,46
/mnt/cadlabnas/users/Akshaya/My_Datasets/5Phase_resized/Use_This/Attempt2/Delayed/00067_7_15_M_DELAY_5__resized.nii.gz,42
/mnt/cadlabnas/users/Akshaya/My_Datasets/5Phase_resized/Use_This/Attempt2/Delayed/00067_8_15_M_DELAY_2__resized.nii.gz,41
/mnt/cadlabnas/users/Akshaya/My_Datasets/5Phase_resized/Use_This/Attempt2/Nephro/00010_10_2_MIN_DELAY_SOFT_UROGRAPHY_Abdomen__1__resized.nii.gz,45
/mnt/cadlabnas/users/Akshaya/My_Datasets/5Phase_resized/Use_This/Attempt2/Nephro/00010_9_2_MIN_DELAY_UROGRAPHY_Abdomen__1__resized.nii.gz,46
/mnt/cadlabnas/users/Akshaya/My_Datasets/5Phase_resized/Use_This/Attempt2/Nephro/00011_7_Recon_3__ABD_DELAY_2_min_Recon_3__ABD_DELAY_2_min__1__resized.nii.gz,38
/mnt/cadlabnas/users/Akshaya/My_Datasets/5Phase_resized/Use_This/Attempt2/Nephro/00012_10_2_MIN_DELAY_SOFT_UROGRAPHY_Abdomen__1__resized.nii.gz,44
/mnt/cadlabnas/users/Akshaya/My_Datasets/5Phase_resized/Use_This/Attempt2/Nephro/00012_9_2_MIN_DELAY_UROGRAPHY_Abdomen__1__resized.nii.gz,45
/mnt/cadlabnas/users/Akshaya/My_Datasets/5Phase_resized/Use_This/Attempt2/Nephro/00014_9_2_MIN_DELAY_UROGRAPHY_Abdomen__1__resized.nii.gz,47
/mnt/cadlabnas/users/Akshaya/My_Datasets/5Phase_resized/Use_This/Attempt2/Nephro/00015_11_2_MIN_DELAY_UROGRAPHY_Abdomen__1__resized.nii.gz,55
/mnt/cadlabnas/users/Akshaya/My_Datasets/5Phase_resized/Use_This/Attempt2/Nephro/00015_12_2_MIN_DELAY_SOFT_UROGRAPHY_Abdomen__1__resized.nii.gz,55
/mnt/cadlabnas/users/Akshaya/My_Datasets/5Phase_resized/Use_This/Attempt2/Nephro/00029_5_Post_AP_2_Min_5__resized.nii.gz,46
/mnt/cadlabnas/users/Akshaya/My_Datasets/5Phase_resized/Use_This/Attempt2/Nephro/00029_6_Post_AP_2_Min_2__resized.nii.gz,42
/mnt/cadlabnas/users/Akshaya/My_Datasets/5Phase_resized/Use_This/Attempt2/Nephro/00033_5_Post_CAP_2_Min_5__resized.nii.gz,79
/mnt/cadlabnas/users/Akshaya/My_Datasets/5Phase_resized/Use_This/Attempt2/Nephro/00033_6_Post_CAP_2_Min_2__resized.nii.gz,79
/mnt/cadlabnas/users/Akshaya/My_Datasets/5Phase_resized/Use_This/Attempt2/Nephro/00035_5_Post_AP_2_Min_5__resized.nii.gz,40
/mnt/cadlabnas/users/Akshaya/My_Datasets/5Phase_resized/Use_This/Attempt2/Nephro/00035_6_Post_AP_2_Min_2__resized.nii.gz,40
/mnt/cadlabnas/users/Akshaya/My_Datasets/5Phase_resized/Use_This/Attempt2/Nephro/00042_5_Post_AP_2_Min_5__resized.nii.gz,42
/mnt/cadlabnas/users/Akshaya/My_Datasets/5Phase_resized/Use_This/Attempt2/Nephro/00042_6_Post_AP_2_Min_2__resized.nii.gz,41
/mnt/cadlabnas/users/Akshaya/My_Datasets/5Phase_resized/Use_This/Attempt2/Nephro/00044_5_Post_AP_2_Min_5__resized.nii.gz,47
/mnt/cadlabnas/users/Akshaya/My_Datasets/5Phase_resized/Use_This/Attempt2/Nephro/00044_6_Post_AP_2_Min_2__resized.nii.gz,47
/mnt/cadlabnas/users/Akshaya/My_Datasets/5Phase_resized/Use_This/Attempt2/Nephro/00047_5_Post_AP_2_Min_5__resized.nii.gz,48
/mnt/cadlabnas/users/Akshaya/My_Datasets/5Phase_resized/Use_This/Attempt2/Nephro/00047_6_Post_AP_2_Min_2__resized.nii.gz,47
/mnt/cadlabnas/users/Akshaya/My_Datasets/5Phase_resized/Use_This/Attempt2/Nephro/00048_5_Post_AP_2_Min_5__resized.nii.gz,50
/mnt/cadlabnas/users/Akshaya/My_Datasets/5Phase_resized/Use_This/Attempt2/Nephro/00049_6_Post_AP_2_Min_2__resized.nii.gz,49
/mnt/cadlabnas/users/Akshaya/My_Datasets/5Phase_resized/Use_This/Attempt2/Nephro/00052_6_Post_AP_2_Min_2__resized.nii.gz,49
/mnt/cadlabnas/users/Akshaya/My_Datasets/5Phase_resized/Use_This/Attempt2/Nephro/00053_6_Post_AP_2_Min_2__resized.nii.gz,56
/mnt/cadlabnas/users/Akshaya/My_Datasets/5Phase_resized/Use_This/Attempt2/Nephro/00054_6_Post_AP_2_Min_2__resized.nii.gz,48
/mnt/cadlabnas/users/Akshaya/My_Datasets/5Phase_resized/Use_This/Attempt2/Nephro/00056_5_Post_AP_2_Min_5__resized.nii.gz,49
/mnt/cadlabnas/users/Akshaya/My_Datasets/5Phase_resized/Use_This/Attempt2/Nephro/00057_6_FL_2_Min_Delay_SOFT_2__resized.nii.gz,52
/mnt/cadlabnas/users/Akshaya/My_Datasets/5Phase_resized/Use_This/Attempt2/Nephro/00058_5_POST_AP_2_MIN_SOFT_5__resized.nii.gz,47
/mnt/cadlabnas/users/Akshaya/My_Datasets/5Phase_resized/Use_This/Attempt2/Nephro/00060_9_DE_AB_PEL_5__resized.nii.gz,46
/mnt/cadlabnas/users/Akshaya/My_Datasets/5Phase_resized/Use_This/Attempt2/Nephro/00062_5_Post_AP_2_Min_5__resized.nii.gz,43
/mnt/cadlabnas/users/Akshaya/My_Datasets/5Phase_resized/Use_This/Attempt2/Nephro/00065_5_Post_AP_2_Min_5__resized.nii.gz,44
/mnt/cadlabnas/users/Akshaya/My_Datasets/5Phase_resized/Use_This/Attempt2/Nephro/00066_6_Post_AP_2_Min_2__resized.nii.gz,49
/mnt/cadlabnas/users/Akshaya/My_Datasets/5Phase_resized/Use_This/Attempt2/Nephro/00067_6_Post_AP_2_Min_2__resized.nii.gz,44
/mnt/cadlabnas/users/Akshaya/My_Datasets/5Phase_resized/Use_This/Attempt2/Nephro/00072_5_Post_AP_2_Min_5__resized.nii.gz,48
/mnt/cadlabnas/users/Akshaya/My_Datasets/5Phase_resized/Use_This/Attempt2/Nephro/00072_6_Post_AP_2_Min_2__resized.nii.gz,48
/mnt/cadlabnas/users/Akshaya/My_Datasets/5Phase_resized/Use_This/Attempt2/Nephro/00073_10_120_sec_dly_abd_pel_Body_2__resized.nii.gz,44
/mnt/cadlabnas/users/Akshaya/My_Datasets/5Phase_resized/Use_This/Attempt2/Nephro/00073_7_120_sec_dly_abd_pel_Body_5__resized.nii.gz,44
/mnt/cadlabnas/users/Akshaya/My_Datasets/5Phase_resized/Use_This/Attempt2/Nephro/00088_5_Post_AP_2_Min_5__resized.nii.gz,49
/mnt/cadlabnas/users/Akshaya/My_Datasets/5Phase_resized/Use_This/Attempt2/Nephro/00097_5_Post_AP_2_Min_5__resized.nii.gz,51
/mnt/cadlabnas/users/Akshaya/My_Datasets/5Phase_resized/Use_This/Attempt2/Nephro/00098_5_Post_AP_2_Min_5__resized.nii.gz,47
/mnt/cadlabnas/users/Akshaya/My_Datasets/5Phase_resized/Use_This/Attempt2/Nephro/00098_6_Post_AP_2_Min_2__resized.nii.gz,46
/mnt/cadlabnas/users/Akshaya/My_Datasets/5Phase_resized/Use_This/Attempt2/Nephro/00101_6_Post_AP_2_Min_2__resized.nii.gz,37
/mnt/cadlabnas/users/Akshaya/My_Datasets/5Phase_resized/Use_This/Attempt2/Nephro/00102_5_Post_AP_2_Min_5__resized.nii.gz,50
/mnt/cadlabnas/users/Akshaya/My_Datasets/5Phase_resized/Use_This/Attempt2/NonContrast/00001_2_NON_CON_ABD_IF_NEEDED_NON_CON_ABD_IF_NEEDED__1__resized.nii.gz,20
/mnt/cadlabnas/users/Akshaya/My_Datasets/5Phase_resized/Use_This/Attempt2/NonContrast/00001_3_2__resized.nii.gz,31
/mnt/cadlabnas/users/Akshaya/My_Datasets/5Phase_resized/Use_This/Attempt2/NonContrast/00008_4_SOFT_WO_DE_AA__1__resized.nii.gz,21
/mnt/cadlabnas/users/Akshaya/My_Datasets/5Phase_resized/Use_This/Attempt2/NonContrast/00009_4_SOFT_WO_DE_AA__1__resized.nii.gz,22
/mnt/cadlabnas/users/Akshaya/My_Datasets/5Phase_resized/Use_This/Attempt2/NonContrast/00012_4_ADRENAL_PRE_2x1_ADRENAL_WASHOUT_NIH__1__resized.nii.gz,17
/mnt/cadlabnas/users/Akshaya/My_Datasets/5Phase_resized/Use_This/Attempt2/NonContrast/00016_2_ADRENAL_PRE_2x1_ADRENAL_WASHOUT_NIH__1__resized.nii.gz,33
/mnt/cadlabnas/users/Akshaya/My_Datasets/5Phase_resized/Use_This/Attempt2/NonContrast/00016_3_PRE_AX_SOFT_2x1_ADRENAL_WASHOUT_NIH__1__resized.nii.gz,33
/mnt/cadlabnas/users/Akshaya/My_Datasets/5Phase_resized/Use_This/Attempt2/NonContrast/00017_2_PRE_AX_SOFT_2x1_ADRENAL_WASHOUT_NIH__1__resized.nii.gz,27
/mnt/cadlabnas/users/Akshaya/My_Datasets/5Phase_resized/Use_This/Attempt2/NonContrast/00017_4_ABD-PRE_SURGERY_BRANCH__1__resized.nii.gz,25
/mnt/cadlabnas/users/Akshaya/My_Datasets/5Phase_resized/Use_This/Attempt2/NonContrast/00030_3_Non_Contrast_NIH_UROGRAM__1__resized.nii.gz,42
/mnt/cadlabnas/users/Akshaya/My_Datasets/5Phase_resized/Use_This/Attempt2/NonContrast/00030_4_Non_Contrast_NIH_UROGRAM__1__resized.nii.gz,42
/mnt/cadlabnas/users/Akshaya/My_Datasets/5Phase_resized/Use_This/Attempt2/NonContrast/00031_6_PRE_AP_5__resized.nii.gz,50
/mnt/cadlabnas/users/Akshaya/My_Datasets/5Phase_resized/Use_This/Attempt2/NonContrast/00031_9_Pre_Liver_2__resized.nii.gz,12
/mnt/cadlabnas/users/Akshaya/My_Datasets/5Phase_resized/Use_This/Attempt2/NonContrast/00034_2_Non_Contrast_NIH_UROGRAM__1__resized.nii.gz,45
/mnt/cadlabnas/users/Akshaya/My_Datasets/5Phase_resized/Use_This/Attempt2/NonContrast/00034_3_Non_Contrast_NIH_UROGRAM__1__resized.nii.gz,44
/mnt/cadlabnas/users/Akshaya/My_Datasets/5Phase_resized/Use_This/Attempt2/NonContrast/00034_4_Non_Contrast_NIH_UROGRAM__1__resized.nii.gz,44
/mnt/cadlabnas/users/Akshaya/My_Datasets/5Phase_resized/Use_This/Attempt2/NonContrast/00037_3_Non_Contrast_NIH_UROGRAM__1__resized.nii.gz,48
/mnt/cadlabnas/users/Akshaya/My_Datasets/5Phase_resized/Use_This/Attempt2/NonContrast/00037_4_Non_Contrast_NIH_UROGRAM__1__resized.nii.gz,48
/mnt/cadlabnas/users/Akshaya/My_Datasets/5Phase_resized/Use_This/Attempt2/NonContrast/00038_2_Non_Contrast_NIH_CHEST__1__resized.nii.gz,44
/mnt/cadlabnas/users/Akshaya/My_Datasets/5Phase_resized/Use_This/Attempt2/NonContrast/00038_4_Non_Contrast_NIH_CHEST__1__resized.nii.gz,44
/mnt/cadlabnas/users/Akshaya/My_Datasets/5Phase_resized/Use_This/Attempt2/NonContrast/00039_2_Non_Contrast_NIH_UROGRAM__1__resized.nii.gz,54
/mnt/cadlabnas/users/Akshaya/My_Datasets/5Phase_resized/Use_This/Attempt2/NonContrast/00039_3_Recon_2__PRE_ADRENALS_Recon_2__PRE_ADRENALS__1__resized.nii.gz,8
/mnt/cadlabnas/users/Akshaya/My_Datasets/5Phase_resized/Use_This/Attempt2/NonContrast/00039_4_Non_Contrast_NIH_UROGRAM__1__resized.nii.gz,53
/mnt/cadlabnas/users/Akshaya/My_Datasets/5Phase_resized/Use_This/Attempt2/NonContrast/00039_4_SOFT_WO_DE_AA__1__resized.nii.gz,24
/mnt/cadlabnas/users/Akshaya/My_Datasets/5Phase_resized/Use_This/Attempt2/NonContrast/00040_2_Non_Contrast_NIH_UROGRAM__1__resized.nii.gz,45
/mnt/cadlabnas/users/Akshaya/My_Datasets/5Phase_resized/Use_This/Attempt2/NonContrast/00041_2_Non_Contrast_NIH_UROGRAM__1__resized.nii.gz,49
/mnt/cadlabnas/users/Akshaya/My_Datasets/5Phase_resized/Use_This/Attempt2/NonContrast/00045_2_Non_Contrast_NIH_UROGRAM__1__resized.nii.gz,56
/mnt/cadlabnas/users/Akshaya/My_Datasets/5Phase_resized/Use_This/Attempt2/NonContrast/00045_3_Non_Contrast_NIH_UROGRAM__1__resized.nii.gz,56
/mnt/cadlabnas/users/Akshaya/My_Datasets/5Phase_resized/Use_This/Attempt2/NonContrast/00045_4_Non_Contrast_NIH_UROGRAM__1__resized.nii.gz,56
/mnt/cadlabnas/users/Akshaya/My_Datasets/5Phase_resized/Use_This/Attempt2/NonContrast/00048_3_SOFT_WO_LIVER_TRIPLE_PHASE__1__resized.nii.gz,20
/mnt/cadlabnas/users/Akshaya/My_Datasets/5Phase_resized/Use_This/Attempt2/NonContrast/00053_4_PRE_AP_SOFT_2__resized.nii.gz,30
/mnt/cadlabnas/users/Akshaya/My_Datasets/5Phase_resized/Use_This/Attempt2/NonContrast/00053_5_PRE_AP_LUNG_2__resized.nii.gz,30
/mnt/cadlabnas/users/Akshaya/My_Datasets/5Phase_resized/Use_This/Attempt2/NonContrast/00057_2_FL_WIthout_SOFT_5__resized.nii.gz,53
/mnt/cadlabnas/users/Akshaya/My_Datasets/5Phase_resized/Use_This/Attempt2/NonContrast/00057_4_FL_WIthout_SOFT_2__resized.nii.gz,53
/mnt/cadlabnas/users/Akshaya/My_Datasets/5Phase_resized/Use_This/Attempt2/NonContrast/00059_2_Non_Contrast_NIH_UROGRAM__1__resized.nii.gz,50
/mnt/cadlabnas/users/Akshaya/My_Datasets/5Phase_resized/Use_This/Attempt2/NonContrast/00059_3_Non_Contrast_NIH_UROGRAM__1__resized.nii.gz,50
/mnt/cadlabnas/users/Akshaya/My_Datasets/5Phase_resized/Use_This/Attempt2/NonContrast/00073_6_Non_Con_5x5_Body_5__resized.nii.gz,33
/mnt/cadlabnas/users/Akshaya/My_Datasets/5Phase_resized/Use_This/Attempt2/NonContrast/00075_4_Non_Con_5x5_Body_5__resized.nii.gz,24
/mnt/cadlabnas/users/Akshaya/My_Datasets/5Phase_resized/Use_This/Attempt2/NonContrast/00076_4_Non_Con_2X1MM_Body_2__resized.nii.gz,39
/mnt/cadlabnas/users/Akshaya/My_Datasets/5Phase_resized/Use_This/Attempt2/NonContrast/00076_8_DE_#PP_DE_20_M_DEL_5__resized.nii.gz,51
/mnt/cadlabnas/users/Akshaya/My_Datasets/5Phase_resized/Use_This/Attempt2/NonContrast/00080_3_SOFT_WO_DE_AA__1__resized.nii.gz,28
/mnt/cadlabnas/users/Akshaya/My_Datasets/5Phase_resized/Use_This/Attempt2/NonContrast/00081_3_Non_Con_5X5MM_Body_5__resized.nii.gz,20
/mnt/cadlabnas/users/Akshaya/My_Datasets/5Phase_resized/Use_This/Attempt2/NonContrast/00083_3_Pre_Liver_5__resized.nii.gz,43
/mnt/cadlabnas/users/Akshaya/My_Datasets/5Phase_resized/Use_This/Attempt2/NonContrast/00085_4_PRE_LIVER_Body_5__resized.nii.gz,51
/mnt/cadlabnas/users/Akshaya/My_Datasets/5Phase_resized/Use_This/Attempt2/NonContrast/00086_3_PRE_AP_2__resized.nii.gz,23
/mnt/cadlabnas/users/Akshaya/My_Datasets/5Phase_resized/Use_This/Attempt2/NonContrast/00091_8_#PP_DE_20_M_DEL_Liver_VNC_Noncontrast#0_#PP_DE_20_M_DEL_Liver_VNC_Noncontrast#0__1__resized.nii.gz,26
/mnt/cadlabnas/users/Akshaya/My_Datasets/5Phase_resized/Use_This/Attempt2/NonContrast/00093_8_DE_#PP_DE_20_M_DEL_5__resized.nii.gz,49
/mnt/cadlabnas/users/Akshaya/My_Datasets/5Phase_resized/Use_This/Attempt2/NonContrast/00095_8_#PP_DE_20_M_DEL_Liver_VNC_Noncontrast#0_#PP_DE_20_M_DEL_Liver_VNC_Noncontrast#0__1__resized.nii.gz,47
/mnt/cadlabnas/users/Akshaya/My_Datasets/5Phase_resized/Use_This/Attempt2/Portal/00004_3_POST_ABD_90_SEC_DELAY_POST_ABD_90_SEC_DELAY__1__resized.nii.gz,20
/mnt/cadlabnas/users/Akshaya/My_Datasets/5Phase_resized/Use_This/Attempt2/Portal/00004_4_Recon_2__POST_ABD_90_SEC_DELAY_Recon_2__POST_ABD_90_SEC_DELAY__1__resized.nii.gz,20
/mnt/cadlabnas/users/Akshaya/My_Datasets/5Phase_resized/Use_This/Attempt2/Portal/00004_5_Recon_3__POST_ABD_90_SEC_DELAY_Recon_3__POST_ABD_90_SEC_DELAY__1__resized.nii.gz,20
/mnt/cadlabnas/users/Akshaya/My_Datasets/5Phase_resized/Use_This/Attempt2/Portal/00005_6_90_MIN_DELAY_UROGRAPHY_Abdomen__1__resized.nii.gz,22
/mnt/cadlabnas/users/Akshaya/My_Datasets/5Phase_resized/Use_This/Attempt2/Portal/00013_3_ADRENAL_70_SEC_1x0__resized.nii.gz,18
/mnt/cadlabnas/users/Akshaya/My_Datasets/5Phase_resized/Use_This/Attempt2/Portal/00015_3_ADRENAL_70_SEC_1x0__resized.nii.gz,31
/mnt/cadlabnas/users/Akshaya/My_Datasets/5Phase_resized/Use_This/Attempt2/Portal/00016_4_70_sec_AX_SOFT_1x0__resized.nii.gz,26
/mnt/cadlabnas/users/Akshaya/My_Datasets/5Phase_resized/Use_This/Attempt2/Portal/00017_3_70_sec_AX_SOFT_1x0__resized.nii.gz,24
/mnt/cadlabnas/users/Akshaya/My_Datasets/5Phase_resized/Use_This/Attempt2/Portal/00027_6_Post_AP_70SEC_2__resized.nii.gz,67
/mnt/cadlabnas/users/Akshaya/My_Datasets/5Phase_resized/Use_This/Attempt2/Portal/00028_5_70sec_NIH_UROGRAM__1__resized.nii.gz,54
/mnt/cadlabnas/users/Akshaya/My_Datasets/5Phase_resized/Use_This/Attempt2/Portal/00030_5_70_SEC_DELA_NIH_UROGRAM__1__resized.nii.gz,43
/mnt/cadlabnas/users/Akshaya/My_Datasets/5Phase_resized/Use_This/Attempt2/Portal/00036_6_Post_CAP_70_S_5__resized.nii.gz,70
/mnt/cadlabnas/users/Akshaya/My_Datasets/5Phase_resized/Use_This/Attempt2/Portal/00037_5_70_delay_NIH_UROGRAM__1__resized.nii.gz,48
/mnt/cadlabnas/users/Akshaya/My_Datasets/5Phase_resized/Use_This/Attempt2/Portal/00086_10_stnd_70_sec_dly_abd_pel_Body_2__resized.nii.gz,45
/mnt/cadlabnas/users/Akshaya/My_Datasets/5Phase_resized/Use_This/Attempt2/Portal/00086_11_stnd_70_sec_dly_abd_pel_Body_2__resized.nii.gz,45
/mnt/cadlabnas/users/Akshaya/My_Datasets/5Phase_resized/Use_This/Attempt2/Portal/00086_7_70_sec_dly_abd_pel_Body_5__resized.nii.gz,45
/mnt/cadlabnas/users/Akshaya/My_Datasets/5Phase_resized/Use_This/Attempt2/Portal/00126_7_70_SEC_DELAbd_Pel_Body_5__resized.nii.gz,52
/mnt/cadlabnas/users/Akshaya/My_Datasets/5Phase_resized/Use_This/Attempt2/Portal/00126_8_70_SEC_DELAY_Body_2__resized.nii.gz,51
/mnt/cadlabnas/users/Akshaya/My_Datasets/5Phase_resized/Use_This/Attempt2/Portal/00135_10_stnd_70_sec_dly_abd_pel_Body_0__resized.nii.gz,43
/mnt/cadlabnas/users/Akshaya/My_Datasets/5Phase_resized/Use_This/Attempt2/Portal/00135_11_stnd_70_sec_dly_abd_pel_Body_0__resized.nii.gz,43
/mnt/cadlabnas/users/Akshaya/My_Datasets/5Phase_resized/Use_This/Attempt2/Portal/00135_9_70_sec_dly_abd_pel_Body_5__resized.nii.gz,43
/mnt/cadlabnas/users/Akshaya/My_Datasets/5Phase_resized/Use_This/Attempt2/Portal/00179_6_VENOUS_ADRENALS_WASHOUT_Abdomen__1__resized.nii.gz,15
/mnt/cadlabnas/users/Akshaya/My_Datasets/5Phase_resized/Use_This/Attempt2/Portal/00179_7_VENOUS_ADRENALS_WASHOUT_Abdomen__1__resized.nii.gz,15
/mnt/cadlabnas/users/Akshaya/My_Datasets/5Phase_resized/Use_This/Attempt2/Portal/00181_9_Venous_1__resized.nii.gz,61
/mnt/cadlabnas/users/Akshaya/My_Datasets/5Phase_resized/Use_This/Attempt2/Portal/00184_1_Venous_2__resized.nii.gz,11
/mnt/cadlabnas/users/Akshaya/My_Datasets/5Phase_resized/Use_This/Attempt2/Portal/00235_5_VENOUS_ADRENALS_WASHOUT_Abdomen__1__resized.nii.gz,15
/mnt/cadlabnas/users/Akshaya/My_Datasets/5Phase_resized/Use_This/Attempt2/Portal/00247_10_80_SEC_DELAY_Body_5__resized.nii.gz,48
/mnt/cadlabnas/users/Akshaya/My_Datasets/5Phase_resized/Use_This/Attempt2/Portal/00249_5_VENOUS_ADRENALS_WASHOUT_Abdomen__1__resized.nii.gz,17
/mnt/cadlabnas/users/Akshaya/My_Datasets/5Phase_resized/Use_This/Attempt2/Portal/00249_6_VENOUS_ADRENALS_WASHOUT_Abdomen__1__resized.nii.gz,17
/mnt/cadlabnas/users/Akshaya/My_Datasets/5Phase_resized/Use_This/Attempt2/Portal/00347_3_VENOUS_NIH_ADRENAL_TRIPLE_PHASE__1__resized.nii.gz,17
/mnt/cadlabnas/users/Akshaya/My_Datasets/5Phase_resized/Use_This/Attempt2/Portal/00386_5_VENOUS_ADRENALS_WASHOUT_Abdomen__1__resized.nii.gz,19
/mnt/cadlabnas/users/Akshaya/My_Datasets/5Phase_resized/Use_This/Attempt2/Portal/00411_5_VENOUS_ADRENALS_WASHOUT_Abdomen__1__resized.nii.gz,13
/mnt/cadlabnas/users/Akshaya/My_Datasets/5Phase_resized/Use_This/Attempt2/Portal/00434_3_VENOUS_NIH_ADRENAL_TRIPLE_PHASE__1__resized.nii.gz,15
/mnt/cadlabnas/users/Akshaya/My_Datasets/5Phase_resized/Use_This/Attempt2/Portal/00435_3_VENOUS_NIH_ADRENAL_TRIPLE_PHASE__1__resized.nii.gz,17
/mnt/cadlabnas/users/Akshaya/My_Datasets/5Phase_resized/Use_This/Attempt2/Portal/00437_3_VENOUS_NIH_ADRENAL_TRIPLE_PHASE__1__resized.nii.gz,13
/mnt/cadlabnas/users/Akshaya/My_Datasets/5Phase_resized/Use_This/Attempt2/Portal/00474_3_VENOUS_NIH_ADRENAL_TRIPLE_PHASE__1__resized.nii.gz,16
/mnt/cadlabnas/users/Akshaya/My_Datasets/5Phase_resized/Use_This/Attempt2/Portal/00478_3_VENOUS_NIH_ADRENAL_TRIPLE_PHASE__1__resized.nii.gz,14
/mnt/cadlabnas/users/Akshaya/My_Datasets/5Phase_resized/Use_This/Attempt2/Portal/00719_9_70_SEC_DELAY_Body_1__resized.nii.gz,20
/mnt/cadlabnas/users/Akshaya/My_Datasets/5Phase_resized/Use_This/Attempt2/Portal/01154_10_Venous_3__resized.nii.gz,24
/mnt/cadlabnas/users/Akshaya/My_Datasets/5Phase_resized/Use_This/Attempt2/Portal/01154_3_Venous_0__resized.nii.gz,24
/mnt/cadlabnas/users/Akshaya/My_Datasets/5Phase_resized/Use_This/Attempt2/Portal/01168_3_ADRENAL_70_SEC_1x0__resized.nii.gz,17
/mnt/cadlabnas/users/Akshaya/My_Datasets/5Phase_resized/Use_This/Attempt2/Portal/01170_3_ADRENAL_70_SEC_1x0__resized.nii.gz,15
/mnt/cadlabnas/users/Akshaya/My_Datasets/5Phase_resized/Use_This/Attempt2/Portal/01174_2_ADRENAL_70_SEC_1x0__resized.nii.gz,16
/mnt/cadlabnas/users/Akshaya/My_Datasets/5Phase_resized/Use_This/Attempt2/Portal/01175_3_ADRENAL_70_SEC_1x0__resized.nii.gz,11
/mnt/cadlabnas/users/Akshaya/My_Datasets/5Phase_resized/Use_This/Attempt2/Portal/01181_3_ADRENAL_70_SEC_1x0__resized.nii.gz,32
/mnt/cadlabnas/users/Akshaya/My_Datasets/5Phase_resized/Use_This/Attempt2/Portal/01183_4_70_sec_AX_SOFT_1x0__resized.nii.gz,20
/mnt/cadlabnas/users/Akshaya/My_Datasets/5Phase_resized/Use_This/Attempt2/Portal/01184_4_70_sec_AX_SOFT_1x0__resized.nii.gz,10
/mnt/cadlabnas/users/Akshaya/My_Datasets/5Phase_resized/Use_This/Attempt2/Portal/01185_3_70_sec_AX_SOFT_1x0__resized.nii.gz,14
/mnt/cadlabnas/users/Akshaya/My_Datasets/5Phase_resized/Use_This/Attempt2/Portal/01186_3_70_sec_AX_SOFT_1x0__resized.nii.gz,14
/mnt/cadlabnas/users/Akshaya/My_Datasets/5Phase_resized/Use_This/Attempt2/Portal/01188_3_70_sec_AX_SOFT_1x0__resized.nii.gz,14